AD,Andorra la Vella
AD,Escaldes-Engordany
AD,Encamp
AD,La Massana
AD,Sant Julià de Lòria
AD,Ordino
AD,Canillo
AD,Pas de la Casa
=================
AE,Abu Dhabi
AE,Dubai
AE,Sharjah
AE,Ajman
AE,Ras Al Khaimah
AE,Fujairah
AE,Umm Al Quwain
AE,Al Ain
=================
AF,Kabul
AF,Herat
AF,Kandahar
AF,Mazar-i-Sharif
AF,Jalalabad
AF,Kunduz
AF,Ghazni
AF,Lashkar Gah
AF,Taloqan
AF,Sheberghan
AF,Pul-e Khumri
AF,Farah
AF,Zaranj
AF,Bamyan
AF,Faizabad
=================
AG,St. John's
AG,All Saints
AG,Liberta
AG,Potters Village
AG,Bolans
AG,Swetes
AG,Codrington
=================
AI,The Valley
AI,Blowing Point
=================
AL,Tirana
AL,Durrës
AL,Vlorë
AL,Shkodër
AL,Fier
AL,Elbasan
AL,Korçë
AL,Berat
AL,Gjirokastër
AL,Kukës
AL,Lezhë
AL,Sarandë
=================
AM,Yerevan
AM,Gyumri
AM,Vanadzor
AM,Vagharshapat
AM,Abovyan
AM,Hrazdan
AM,Armavir
AM,Artashat
AM,Gavar
AM,Goris
AM,Kapan
AM,Ijevan
=================
AO,Luanda
AO,Benguela
AO,Lobito
AO,Huambo
AO,Lubango
AO,Malanje
AO,Namibe
AO,Soyo
AO,Cabinda
AO,Uíge
AO,Kuito
AO,M'banza-Kongo
=================
AR,Buenos Aires
AR,Córdoba
AR,Rosario
AR,Mendoza
AR,La Plata
AR,San Miguel de Tucumán
AR,Mar del Plata
AR,Salta
AR,Santa Fe
AR,San Juan
AR,Neuquén
AR,Bahía Blanca
AR,Resistencia
AR,Posadas
AR,San Salvador de Jujuy
=================
AS,Pago Pago
AS,Tafuna
AS,Nuʻuuli
AS,Fagatogo
AS,Leone
AS,Aua
=================
AT,Vienna
AT,Graz
AT,Linz
AT,Salzburg
AT,Innsbruck
AT,Klagenfurt
AT,Villach
AT,Wels
AT,Sankt Pölten
AT,Dornbirn
AT,Bregenz
AT,Eisenstadt
=================
AU,Sydney
AU,Melbourne
AU,Brisbane
AU,Perth
AU,Adelaide
AU,Canberra
AU,Gold Coast
AU,Newcastle
AU,Wollongong
AU,Sunshine Coast
AU,Hobart
AU,Darwin
AU,Geelong
AU,Townsville
AU,Cairns
AU,Launceston
=================
AW,Oranjestad
AW,San Nicolas
AW,Noord
AW,Santa Cruz
AW,Paradera
=================
AX,Mariehamn
AX,Jomala
AX,Finström
=================
AZ,Baku
AZ,Ganja
AZ,Sumqayit
AZ,Mingachevir
AZ,Shirvan
AZ,Lankaran
AZ,Sheki
AZ,Yevlakh
AZ,Khachmaz
AZ,Nakhchivan
AZ,Quba
AZ,Shamakhi
=================
BA,Sarajevo
BA,Banja Luka
BA,Mostar
BA,Tuzla
BA,Zenica
BA,Bijeljina
BA,Brčko
BA,Prijedor
BA,Doboj
=================
BB,Bridgetown
BB,Speightstown
BB,Oistins
BB,Holetown
BB,Bathsheba
=================
BD,Dhaka
BD,Chittagong
BD,Khulna
BD,Rajshahi
BD,Sylhet
BD,Barisal
BD,Rangpur
BD,Comilla
BD,Mymensingh
BD,Narayanganj
=================
BE,Brussels
BE,Antwerp
BE,Ghent
BE,Charleroi
BE,Liège
BE,Bruges
BE,Leuven
BE,Mechelen
BE,Hasselt
BE,Namur
BE,Mons
BE,Ostend
=================
BF,Ouagadougou
BF,Bobo-Dioulasso
BF,Koudougou
BF,Banfora
BF,Kaya
BF,Tenkodogo
BF,Fada N'gourma
BF,Dédougou
=================
BG,Sofia
BG,Plovdiv
BG,Varna
BG,Burgas
BG,Ruse
BG,Stara Zagora
BG,Pleven
BG,Sliven
BG,Dobrich
BG,Shumen
BG,Veliko Tarnovo
=================
BH,Manama
BH,Riffa
BH,Muharraq
BH,Hamad Town
BH,A'ali
BH,Isa Town
=================
BI,Gitega
BI,Bujumbura
BI,Ngozi
BI,Rumonge
BI,Muyinga
BI,Kirundo
BI,Kayanza
=================
BJ,Cotonou
BJ,Porto-Novo
BJ,Parakou
BJ,Abomey-Calavi
BJ,Bohicon
BJ,Djougou
BJ,Natitingou
BJ,Ouidah
=================
BL,Gustavia
=================
BM,Hamilton
BM,St. George's
BM,Somerset Village
BM,Flatts Village
BM,Devonshire
=================
BN,Bandar Seri Begawan
BN,Kuala Belait
BN,Seria
BN,Tutong
BN,Banggar
=================
BO,La Paz
BO,Santa Cruz de la Sierra
BO,Cochabamba
BO,Sucre
BO,El Alto
BO,Oruro
BO,Potosí
BO,Tarija
BO,Trinidad
BO,Montero
=================
BQ,Kralendijk
BQ,Oranjestad
BQ,The Bottom
=================
BR,São Paulo
BR,Rio de Janeiro
BR,Belo Horizonte
BR,Brasília
BR,Salvador
BR,Fortaleza
BR,Recife
BR,Porto Alegre
BR,Curitiba
BR,Manaus
BR,Belém
BR,Goiania
BR,Campinas
BR,Florianópolis
BR,Vitória
BR,Natal
BR,João Pessoa
BR,Maceió
BR,Aracaju
BR,São Luís
BR,Campo Grande
BR,Cuiabá
BR,Santos
=================
BS,Nassau
BS,Freeport
BS,Marsh Harbour
BS,George Town
BS,Cockburn Town
=================
BT,Thimphu
BT,Phuntsholing
BT,Punakha
BT,Wangdue Phodrang
BT,Gelephu
BT,Mongar
BT,Trashigang
=================
BV,Bouvet Island
=================
BW,Gaborone
BW,Francistown
BW,Molepolole
BW,Maun
BW,Serowe
BW,Kanye
BW,Selebi-Phikwe
BW,Kasane
=================
BY,Minsk
BY,Gomel
BY,Mogilev
BY,Vitebsk
BY,Grodno
BY,Brest
BY,Baranovichi
BY,Borisov
=================
BZ,Belmopan
BZ,Belize City
BZ,San Ignacio
BZ,Orange Walk Town
BZ,Corozal Town
BZ,Dangriga
BZ,Placencia
=================
CA,Toronto
CA,Montreal
CA,Vancouver
CA,Calgary
CA,Edmonton
CA,Ottawa
CA,Quebec City
CA,Winnipeg
CA,Hamilton
CA,Mississauga
CA,Waterloo
CA,London
CA,Halifax
CA,Victoria
CA,Surrey
=================
CC,West Island
CC,Home Island
=================
CD,Kinshasa
CD,Lubumbashi
CD,Goma
CD,Bukavu
CD,Kisangani
CD,Matadi
CD,Mbandaka
CD,Kananga
CD,Tshikapa
CD,Kolwezi
CD,Bunia
=================
CF,Bangui
CF,Berberati
CF,Bambari
CF,Bossangoa
CF,Bouar
CF,Bangassou
CF,Bria
=================
CG,Brazzaville
CG,Pointe-Noire
CG,Dolisie
CG,Nkayi
CG,Owando
CG,Ouesso
=================
CH,Zürich
CH,Geneva
CH,Basel
CH,Bern
CH,Lausanne
CH,Lugano
CH,Lucerne
CH,St. Gallen
CH,Winterthur
CH,Biel/Bienne
CH,Zug
CH,Fribourg
=================
CI,Abidjan
CI,Yamoussoukro
CI,Bouaké
CI,Daloa
CI,San-Pédro
CI,Korhogo
CI,Man
CI,Gagnoa
=================
CK,Avarua
CK,Arutanga
CK,Amuri
CK,Muri
=================
CL,Santiago
CL,Valparaíso
CL,Concepción
CL,La Serena
CL,Antofagasta
CL,Viña del Mar
CL,Temuco
CL,Rancagua
CL,Talca
CL,Iquique
CL,Puerto Montt
CL,Arica
=================
CM,Douala
CM,Yaoundé
CM,Bamenda
CM,Bafoussam
CM,GAROUA
CM,Maroua
CM,Bertoua
CM,Ebolowa
CM,Ngaoundéré
=================
CN,Beijing
CN,Shanghai
CN,Guangzhou
CN,Shenzhen
CN,Chengdu
CN,Chongqing
CN,Wuhan
CN,Xi'an
CN,Hangzhou
CN,Nanjing
CN,Tianjin
CN,Shenyang
CN,Harbin
CN,Kunming
CN,Changsha
CN,Suzhou
CN,Qingdao
CN,Dalian
CN,Shijiazhuang
CN,Jinan
=================
CO,Bogotá
CO,Medellín
CO,Cali
CO,Barranquilla
CO,Cartagena
CO,Bucaramanga
CO,Pereira
CO,Manizales
CO,Armenia
CO,Santa Marta
CO,Cúcuta
CO,Ibagué
CO,Pasto
CO,Neiva
=================
CR,San José
CR,Alajuela
CR,Heredia
CR,Cartago
CR,Liberia
CR,Puntarenas
CR,Limón
CR,San Isidro de El General
=================
CU,Havana
CU,Santiago de Cuba
CU,Camagüey
CU,Holguín
CU,Santa Clara
CU,Guantánamo
CU,Bayamo
CU,Cienfuegos
CU,Matanzas
CU,Pinar del Río
=================
CV,Praia
CV,Mindelo
CV,Assomada
CV,Espargos
CV,Santa Maria
CV,Ribeira Grande
=================
CW,Willemstad
CW,Jan Thiel
CW,Sint Michiel
CW,Sabana Westpunt
=================
CX,Flying Fish Cove
CX,Drumsite
=================
CY,Nicosia
CY,Limassol
CY,Larnaca
CY,Paphos
CY,Famagusta
CY,Protaras
CY,Ayia Napa
=================
CZ,Prague
CZ,Brno
CZ,Ostrava
CZ,Plzeň
CZ,Liberec
CZ,Olomouc
CZ,Hradec Králové
CZ,České Budějovice
CZ,Ústí nad Labem
CZ,Pardubice
CZ,Zlín
=================
DE,Berlin
DE,Hamburg
DE,Munich
DE,Cologne
DE,Frankfurt
DE,Stuttgart
DE,Düsseldorf
DE,Dortmund
DE,Essen
DE,Leipzig
DE,Dresden
DE,Hannover
DE,Bremen
DE,Nuremberg
DE,Bonn
DE,Mannheim
DE,Heidelberg
DE,Freiburg
DE,Karlsruhe
DE,Augsburg
DE,Sylt
=================
DJ,Djibouti
DJ,Ali Sabieh
DJ,Tadjoura
DJ,Obock
DJ,Dikhil
=================
DK,Copenhagen
DK,Aarhus
DK,Odense
DK,Aalborg
DK,Esbjerg
DK,Randers
DK,Kolding
DK,Vejle
DK,Roskilde
DK,Horsens
=================
DM,Roseau
DM,Portsmouth
DM,Marigot
DM,Berekua
=================
DO,Santo Domingo
DO,Santiago de los Caballeros
DO,Santo Domingo Este
DO,Santo Domingo Norte
DO,Santo Domingo Oeste
DO,San Pedro de Macorís
DO,La Romana
DO,San Cristóbal
DO,Puerto Plata
DO,San Francisco de Macorís
DO,Higüey
=================
DZ,Algiers
DZ,Oran
DZ,Constantine
DZ,Annaba
DZ,Blida
DZ,Tlemcen
DZ,Batna
DZ,Sétif
DZ,Béjaïa
DZ,Tizi Ouzou
DZ,Biskra
DZ,Skikda
DZ,Ouargla
=================
EC,Quito
EC,Guayaquil
EC,Cuenca
EC,Santo Domingo
EC,Manta
EC,Portoviejo
EC,Ambato
EC,Loja
EC,Esmeraldas
EC,Machala
EC,Riobamba
=================
EE,Tallinn
EE,Tartu
EE,Narva
EE,Pärnu
EE,Kohtla-Järve
EE,Viljandi
EE,Rakvere
EE,Haapsalu
=================
EG,Cairo
EG,Giza
EG,Alexandria
EG,Shubra El Kheima
EG,Port Said
EG,Suez
EG,Ismailia
EG,Damietta
EG,Mansoura
EG,Tanta
EG,Zagazig
EG,Benha
EG,Damanhur
EG,Kafr El Sheikh
EG,Shebin El Kom
EG,Faiyum
EG,Beni Suef
EG,Minya
EG,Asyut
EG,Sohag
EG,Qena
EG,Luxor
EG,Aswan
EG,Hurghada
EG,Sharm El Sheikh
EG,El Arish
EG,Tor Sinai
EG,Marsa Matruh
EG,Kharga
EG,New Valley
EG,Dahab
EG,Siwa
=================
EH,Laayoune
EH,Dakhla
EH,Smara
=================
ER,Asmara
ER,Keren
ER,Massawa
ER,Assab
ER,Mendefera
ER,Barentu
=================
ES,Madrid
ES,Barcelona
ES,Valencia
ES,Seville
ES,Zaragoza
ES,Málaga
ES,Bilbao
ES,Murcia
ES,Alicante
ES,Córdoba
ES,Valladolid
ES,Vigo
ES,A Coruña
ES,Oviedo
ES,Santander
ES,Pamplona
ES,San Sebastián
ES,Granada
ES,Palma
ES,Las Palmas
ES,Santa Cruz de Tenerife
=================
ET,Addis Ababa
ET,Dire Dawa
ET,Mekelle
ET,Bahir Dar
ET,Gondar
ET,Hawassa
ET,Jimma
ET,Dessie
ET,Adama
ET,Harar
ET,Shashamane
ET,Nekemte
ET,Arba Minch
=================
FI,Helsinki
FI,Espoo
FI,Vantaa
FI,Tampere
FI,Turku
FI,Oulu
FI,Jyväskylä
FI,Kuopio
FI,Lahti
FI,Pori
FI,Vaasa
FI,Rovaniemi
FI,Lappeenranta
FI,Joensuu
=================
FJ,Suva
FJ,Nadi
FJ,Lautoka
FJ,Labasa
FJ,Ba
FJ,Sigatoka
=================
FK,Stanley
FK,Goose Green
FK,Port Howard
=================
FM,Palikir
FM,Weno
FM,Tofol
FM,Kolonia
=================
FO,Tórshavn
FO,Klaksvík
FO,Runavík
FO,Hoyvík
FO,Vágur
=================
FR,Paris
FR,Marseille
FR,Lyon
FR,Toulouse
FR,Nice
FR,Nantes
FR,Strasbourg
FR,Montpellier
FR,Bordeaux
FR,Lille
FR,Rennes
FR,Reims
FR,Le Havre
FR,Saint-Étienne
FR,Grenoble
FR,Toulon
FR,Angers
FR,Dijon
FR,Brest
FR,Clermont-Ferrand
FR,Nancy
=================
GA,Libreville
GA,Port-Gentil
GA,Franceville
GA,Oyem
GA,Mouila
GA,Lambaréné
=================
GB,London
GB,Birmingham
GB,Manchester
GB,Liverpool
GB,Leeds
GB,Bristol
GB,Sheffield
GB,Newcastle upon Tyne
GB,Nottingham
GB,Leicester
GB,Glasgow
GB,Edinburgh
GB,Aberdeen
GB,Dundee
GB,Cardiff
GB,Swansea
GB,Belfast
GB,Derry
GB,Oxford
GB,Cambridge
GB,Brighton
=================
GD,St. George's
GD,Gouyave
GD,Grenville
GD,Victoria
=================
GE,Tbilisi
GE,Batumi
GE,Kutaisi
GE,Rustavi
GE,Zugdidi
GE,Gori
GE,Poti
GE,Telavi
GE,Akhaltsikhe
=================
GF,Cayenne
GF,Kourou
GF,Saint-Laurent-du-Maroni
GF,Remire-Montjoly
=================
GG,St. Peter Port
GG,St. Sampson
=================
GH,Accra
GH,Kumasi
GH,Tamale
GH,Takoradi
GH,Sunyani
GH,Cape Coast
GH,Ho
GH,Koforidua
GH,Bolgatanga
GH,Wa
GH,Tema
=================
GI,Gibraltar
GI,Europa Point
=================
GL,Nuuk
GL,Sisimiut
GL,Ilulissat
GL,Qaqortoq
GL,Aasiaat
GL,Maniitsoq
=================
GM,Banjul
GM,Serrekunda
GM,Brikama
GM,Bakau
GM,Farafenni
=================
GN,Conakry
GN,Kankan
GN,Labé
GN,Nzérékoré
GN,Kindia
GN,Boké
GN,Mamou
=================
GO,Unknown Territory
=================
GP,Pointe-à-Pitre
GP,Basse-Terre
GP,Les Abymes
GP,Baie-Mahault
GP,Le Gosier
=================
GQ,Malabo
GQ,Bata
GQ,Ebibeyin
GQ,Mongomo
=================
GR,Athens
GR,Thessaloniki
GR,Patras
GR,Heraklion
GR,Larissa
GR,Volos
GR,Ioannina
GR,Chania
GR,Rethymno
GR,Iraklio
GR,Kalamata
GR,Kavala
GR,Alexandroupoli
=================
GS,Grytviken
=================
GT,Guatemala City
GT,Quetzaltenango
GT,Escuintla
GT,Antigua Guatemala
GT,Puerto Barrios
GT,Cobán
GT,Huehuetenango
GT,Chimaltenango
GT,Retalhuleu
=================
GU,Hagåtña
GU,Dededo
GU,Tamuning
GU,Yigo
GU,Mangilao
=================
GW,Bissau
GW,Bafatá
GW,Gabú
GW,Cacheu
GW,Bolama
=================
GY,Georgetown
GY,Linden
GY,New Amsterdam
GY,Bartica
GY,Lethem
=================
HK,Hong Kong
HK,Kowloon
HK,Tsim Sha Tsui
HK,Central
HK,Mong Kok
HK,Tsuen Wan
HK,Sha Tin
HK,Tuen Mun
HK,Yuen Long
=================
HM,Atlas Cove
=================
HN,Tegucigalpa
HN,San Pedro Sula
HN,La Ceiba
HN,Choluteca
HN,Comayagua
HN,Danlí
HN,Juticalpa
HN,Santa Rosa de Copán
HN,Puerto Cortés
=================
HR,Zagreb
HR,Split
HR,Rijeka
HR,Osijek
HR,Zadar
HR,Pula
HR,Slavonski Brod
HR,Karlovac
HR,Sisak
HR,Šibenik
HR,Dubrovnik
=================
HT,Port-au-Prince
HT,Cap-Haïtien
HT,Les Cayes
HT,Gonaïves
HT,Jacmel
HT,Saint-Marc
HT,Jérémie
=================
HU,Budapest
HU,Debrecen
HU,Szeged
HU,Miskolc
HU,Pécs
HU,Győr
HU,Kecskemét
HU,Nyíregyháza
HU,Székesfehérvár
HU,Eger
HU,Sopron
=================
ID,Jakarta
ID,Surabaya
ID,Bandung
ID,Medan
ID,Semarang
ID,Makassar
ID,Palembang
ID,Denpasar
ID,Yogyakarta
ID,Batam
ID,Pekanbaru
ID,Padang
ID,Balikpapan
=================
IE,Dublin
IE,Cork
IE,Galway
IE,Limerick
IE,Waterford
IE,Kilkenny
IE,Sligo
IE,Drogheda
=================
IL,Jerusalem
IL,Tel Aviv
IL,Haifa
IL,Beersheba
IL,Eilat
IL,Ashdod
IL,Ashkelon
IL,Netanya
IL,Petah Tikva
IL,Rishon LeZion
=================
IM,Douglas
IM,Ramsey
IM,Peel
IM,Castletown
IM,Port Erin
=================
IN,New Delhi
IN,Mumbai
IN,Bangalore
IN,Chennai
IN,Hyderabad
IN,Kolkata
IN,Pune
IN,Ahmedabad
IN,Jaipur
IN,Chandigarh
IN,Kanpur
IN,Lucknow
IN,Bhopal
IN,Indore
IN,Kochi
IN,Thiruvananthapuram
IN,Coimbatore
IN,Visakhapatnam
IN,Patna
IN,Guwahati
IN,Amritsar
IN,Varanasi
=================
IO,Diego Garcia
=================
IQ,Baghdad
IQ,Erbil
IQ,Basra
IQ,Mosul
IQ,Kirkuk
IQ,Najaf
IQ,Karbala
IQ,Sulaymaniyah
IQ,Nasiriyah
IQ,Hilla
IQ,Amarah
IQ,Ramadi
=================
IR,Tehran
IR,Mashhad
IR,Isfahan
IR,Shiraz
IR,Tabriz
IR,Karaj
IR,Qom
IR,Ahvaz
IR,Kermanshah
IR,Zahedan
IR,Yazd
IR,Arak
IR,Rasht
IR,Sanandaj
=================
IS,Reykjavík
IS,Kópavogur
IS,Hafnarfjörður
IS,Akureyri
IS,Selfoss
IS,Ísafjörður
IS,Keflavík
=================
IT,Rome
IT,Milan
IT,Naples
IT,Turin
IT,Palermo
IT,Genoa
IT,Bologna
IT,Florence
IT,Bari
IT,Catania
IT,Venice
IT,Verona
IT,Padua
IT,Trieste
IT,Perugia
IT,Cagliari
IT,Ancona
IT,Parma
=================
JE,St. Helier
JE,Gorey
=================
JM,Kingston
JM,Montego Bay
JM,Spanish Town
JM,Portmore
JM,Ocho Rios
JM,Mandeville
=================
JO,Amman
JO,Zarqa
JO,Irbid
JO,Aqaba
JO,Madaba
JO,Jerash
JO,Ajloun
JO,Karak
JO,Ma'an
=================
JP,Tokyo
JP,Yokohama
JP,Osaka
JP,Nagoya
JP,Sapporo
JP,Fukuoka
JP,Kobe
JP,Kyoto
JP,Hiroshima
JP,Sendai
JP,Chiba
JP,Kawasaki
JP,Saitama
JP,Hamamatsu
JP,Naha
=================
JU,Unknown Territory
=================
KE,Nairobi
KE,Mombasa
KE,Kisumu
KE,Nakuru
KE,Eldoret
KE,Thika
KE,Malindi
KE,Kitale
KE,Nyeri
KE,Meru
KE,Garissa
=================
KG,Bishkek
KG,Osh
KG,Jalal-Abad
KG,Karakol
KG,Naryn
KG,Talas
=================
KH,Phnom Penh
KH,Siem Reap
KH,Battambang
KH,Sihanoukville
KH,Kampong Cham
KH,Poipet
KH,Takeo
=================
KI,Tarawa
KI,Bairiki
KI,Betio
KI,Tabiteuea
=================
KM,Moroni
KM,Mutsamudu
KM,Fomboni
=================
KN,Basseterre
KN,Charlestown
KN,Sandy Point Town
=================
KP,Pyongyang
KP,Hamhung
KP,Chongjin
KP,Nampo
KP,Sinuiju
KP,Wonsan
KP,Hyesan
=================
KR,Seoul
KR,Busan
KR,Incheon
KR,Daegu
KR,Daejeon
KR,Gwangju
KR,Ulsan
KR,Suwon
KR,Changwon
KR,Seongnam
KR,Goyang
KR,Yongin
=================
KW,Kuwait City
KW,Al Ahmadi
KW,Hawalli
KW,Farwaniya
KW,Jahra
KW,Mubarak Al-Kabeer
=================
KY,George Town
KY,West Bay
KY,Bodden Town
KY,North Side
KY,East End
=================
KZ,Almaty
KZ,Astana
KZ,Shymkent
KZ,Karaganda
KZ,Aktobe
KZ,Atyrau
KZ,Semey
KZ,Öskemen
KZ,Kostanay
KZ,Pavlodar
KZ,Petropavl
=================
LA,Vientiane
LA,Luang Prabang
LA,Pakse
LA,Savannakhet
LA,Thakhek
LA,Phonsavan
LA,Luang Namtha
=================
LB,Beirut
LB,Tripoli
LB,Sidon
LB,Tyre
LB,Zahle
LB,Jounieh
LB,Baalbek
LB,Byblos
=================
LC,Castries
LC,Gros Islet
LC,Vieux Fort
LC,Soufrière
LC,Dennery
=================
LI,Vaduz
LI,Schaan
LI,Balzers
LI,Triesen
LI,Eschen
=================
LK,Colombo
LK,Kandy
LK,Galle
LK,Jaffna
LK,Negombo
LK,Matara
LK,Trincomalee
LK,Batticaloa
LK,Anuradhapura
=================
LR,Monrovia
LR,Buchanan
LR,Gbarnga
LR,Kakata
LR,Harper
LR,Voinjama
=================
LS,Maseru
LS,Mafeteng
LS,Leribe
LS,Mohale's Hoek
LS,Qacha's Nek
=================
LT,Vilnius
LT,Kaunas
LT,Klaipėda
LT,Šiauliai
LT,Panevėžys
LT,Alytus
LT,Marijampolė
=================
LU,Luxembourg
LU,Esch-sur-Alzette
LU,Differdange
LU,Dudelange
LU,Ettelbruck
=================
LV,Riga
LV,Daugavpils
LV,Liepāja
LV,Jelgava
LV,Jūrmala
LV,Ventspils
LV,Rēzekne
=================
LY,Tripoli
LY,Benghazi
LY,Misrata
LY,Sirte
LY,Sabha
LY,Zawiya
LY,Tobruk
LY,Derna
LY,Ghadames
=================
MA,Rabat
MA,Casablanca
MA,Marrakesh
MA,Fes
MA,Tangier
MA,Agadir
MA,Meknes
MA,Oujda
MA,Kenitra
MA,Tetouan
MA,Safi
MA,El Jadida
MA,Laayoune
MA,Dakhla
=================
MC,Monaco
MC,Monte Carlo
MC,La Condamine
MC,Fontvieille
=================
MD,Chișinău
MD,Tiraspol
MD,Bălți
MD,Bender
MD,Cahul
MD,Orhei
MD,Comrat
=================
ME,Podgorica
ME,Nikšić
ME,Budva
ME,Kotor
ME,Herceg Novi
ME,Bar
ME,Pljevlja
ME,Bijelo Polje
=================
MF,Marigot
MF,Grand-Case
MF,Quartier d'Orléans
=================
MG,Antananarivo
MG,Toamasina
MG,Antsirabe
MG,Fianarantsoa
MG,Majunga
MG,Toliara
MG,Antsiranana
=================
MH,Majuro
MH,Ebeye
MH,Jaluit
MH,Wotje
=================
MK,Skopje
MK,Bitola
MK,Kumanovo
MK,Prilep
MK,Tetovo
MK,Ohrid
MK,Štip
MK,Veles
=================
ML,Bamako
ML,Sikasso
ML,Ségou
ML,Mopti
ML,Koutiala
ML,Gao
ML,Timbuktu
ML,Kayes
=================
MM,Yangon
MM,Mandalay
MM,Naypyidaw
MM,Bago
MM,Mawlamyine
MM,Taunggyi
MM,Pathein
MM,Pyay
MM,Sittwe
=================
MN,Ulaanbaatar
MN,Erdenet
MN,Darkhan
MN,Choibalsan
MN,Mörön
MN,Bayankhongor
=================
MO,Macau
MO,Taipa
MO,Coloane
=================
MP,Saipan
MP,Tinian
MP,Rota
=================
MQ,Fort-de-France
MQ,Le Lamentin
MQ,Le Robert
MQ,Sainte-Marie
=================
MR,Nouakchott
MR,Nouadhibou
MR,Kaédi
MR,Rosso
MR,Atar
MR,Kiffa
=================
MS,Plymouth
MS,Brades
MS,Little Bay
=================
MT,Valletta
MT,Sliema
MT,St. Julian's
MT,Birkirkara
MT,Mosta
MT,Victoria
=================
MU,Port Louis
MU,Beau Bassin-Rose Hill
MU,Vacoas-Phoenix
MU,Curepipe
MU,Quatre Bornes
MU,Grand Baie
=================
MV,Male
MV,Hulhumale
MV,Addu City
MV,Fuvahmulah
=================
MW,Lilongwe
MW,Blantyre
MW,Mzuzu
MW,Zomba
MW,Kasungu
MW,Karonga
=================
MX,Mexico City
MX,Guadalajara
MX,Monterrey
MX,Puebla
MX,Tijuana
MX,León
MX,Cancún
MX,Mérida
MX,Querétaro
MX,Toluca
MX,Chihuahua
MX,Ciudad Juárez
MX,San Luis Potosí
MX,Oaxaca
MX,Veracruz
MX,Tuxtla Gutiérrez
MX,Hermosillo
MX,Mazatlán
MX,Morelia
MX,Aguascalientes
MX,Durango
MX,Culiacán
MX,Acapulco
MX,Guadalajara
=================
MY,Kuala Lumpur
MY,George Town
MY,Johor Bahru
MY,Ipoh
MY,Kota Kinabalu
MY,Kuching
MY,Malacca City
MY,Shah Alam
MY,Petaling Jaya
MY,Alor Setar
MY,Kuantan
=================
MZ,Maputo
MZ,Beira
MZ,Nampula
MZ,Quelimane
MZ,Tete
MZ,Chimoio
MZ,Pemba
MZ,Xai-Xai
=================
NA,Windhoek
NA,Swakopmund
NA,Walvis Bay
NA,Rundu
NA,Katima Mulilo
NA,Otjiwarongo
NA,Keetmanshoop
=================
NC,Nouméa
NC,Mont-Dore
NC,Dumbéa
NC,Païta
NC,Koné
=================
NE,Niamey
NE,Zinder
NE,Maradi
NE,Tahoua
NE,Agadez
NE,Dosso
NE,Diffa
=================
NF,Kingston
NF,Burnt Pine
=================
NG,Lagos
NG,Abuja
NG,Port Harcourt
NG,Ibadan
NG,Benin City
NG,Onitsha
NG,Aba
NG,Enugu
NG,Kano
NG,Kaduna
NG,Jos
NG,Maiduguri
NG,Ilorin
NG,Uyo
NG,Calabar
NG,Owerri
NG,Akure
NG,Ado-Ekiti
NG,Ogbomosho
=================
NI,Managua
NI,León
NI,Granada
NI,Masaya
NI,Chinandega
NI,Estelí
NI,Matagalpa
NI,Jinotega
NI,Bluefields
=================
NL,Amsterdam
NL,Rotterdam
NL,The Hague
NL,Utrecht
NL,Eindhoven
NL,Groningen
NL,Maastricht
NL,Arnhem
NL,Nijmegen
NL,Haarlem
NL,Leiden
NL,Enschede
=================
NO,Oslo
NO,Bergen
NO,Trondheim
NO,Stavanger
NO,Kristiansand
NO,Tromsø
NO,Bodø
NO,Ålesund
NO,Drammen
=================
NP,Kathmandu
NP,Pokhara
NP,Lalitpur
NP,Bhaktapur
NP,Biratnagar
NP,Birgunj
NP,Bharatpur
NP,Butwal
NP,Nepalgunj
NP,Dharan
=================
NR,Yaren
NR,Aiwo
NR,Anabar
NR,Meneng
=================
NU,Alofi
NU,Hakupu
NU,Avatele
=================
NZ,Auckland
NZ,Wellington
NZ,Christchurch
NZ,Hamilton
NZ,Tauranga
NZ,Dunedin
NZ,Queenstown
NZ,Napier
NZ,Palmerston North
NZ,New Plymouth
NZ,Invercargill
=================
OM,Muscat
OM,Salalah
OM,Sohar
OM,Nizwa
OM,Sur
OM,Ibra
OM,Rustaq
OM,Buraimi
=================
PA,Panama City
PA,Colón
PA,David
PA,Santiago
PA,Chitré
PA,La Chorrera
PA,Penonomé
=================
PE,Lima
PE,Arequipa
PE,Trujillo
PE,Chiclayo
PE,Piura
PE,Cusco
PE,Iquitos
PE,Huancayo
PE,Tacna
PE,Juliaca
PE,Puno
PE,Chimbote
=================
PF,Papeete
PF,Faaa
PF,Punaauia
PF,Uturoa
=================
PG,Port Moresby
PG,Lae
PG,Mount Hagen
PG,Goroka
PG,Madang
PG,Kimbe
PG,Rabaul
PG,Kokopo
=================
PH,Manila
PH,Quezon City
PH,Cebu City
PH,Davao City
PH,Makati
PH,Baguio
PH,Iloilo City
PH,Cagayan de Oro
PH,Bacolod
PH,Zamboanga City
PH,General Santos
PH,Taguig
PH,Pasig
=================
PK,Islamabad
PK,Karachi
PK,Lahore
PK,Faisalabad
PK,Rawalpindi
PK,Peshawar
PK,Quetta
PK,Multan
PK,Gujranwala
PK,Hyderabad
PK,Sialkot
PK,Sukkur
PK,Bahawalpur
=================
PL,Warsaw
PL,Kraków
PL,Łódź
PL,Wrocław
PL,Poznań
PL,Gdańsk
PL,Szczecin
PL,Bydgoszcz
PL,Lublin
PL,Katowice
PL,Białystok
PL,Gdynia
PL,Sopot
=================
PM,Saint-Pierre
PM,Miquelon
=================
PN,Adamstown
=================
PR,San Juan
PR,Bayamón
PR,Carolina
PR,Ponce
PR,Caguas
PR,Mayagüez
PR,Arecibo
PR,Guaynabo
PR,Fajardo
=================
PS,Gaza City
PS,Ramallah
PS,Hebron
PS,Nablus
PS,Bethlehem
PS,Jenin
PS,Tulkarm
PS,Jericho
PS,Qalqilya
PS,Rafah
=================
PT,Lisbon
PT,Porto
PT,Braga
PT,Coimbra
PT,Aveiro
PT,Faro
PT,Funchal
PT,Ponta Delgada
PT,Setúbal
PT,Guimarães
PT,Leiria
PT,Viseu
=================
PW,Ngerulmud
PW,Koror
PW,Melekeok
=================
PY,Asunción
PY,Ciudad del Este
PY,Encarnación
PY,San Lorenzo
PY,Luque
PY,Pedro Juan Caballero
PY,Concepción
=================
QA,Doha
QA,Al Rayyan
QA,Al Wakrah
QA,Umm Salal
QA,Al Khor
QA,Dukhan
=================
RE,Saint-Denis
RE,Saint-Paul
RE,Saint-Pierre
RE,Saint-André
RE,Le Tampon
=================
RO,Bucharest
RO,Cluj-Napoca
RO,Timișoara
RO,Iași
RO,Constanța
RO,Craiova
RO,Brașov
RO,Galați
RO,Ploiești
RO,Oradea
RO,Sibiu
RO,Arad
RO,Bacău
RO,Târgu Mureș
=================
RS,Belgrade
RS,Novi Sad
RS,Niš
RS,Kragujevac
RS,Subotica
RS,Čačak
RS,Kraljevo
RS,Zrenjanin
RS,Pančevo
=================
RU,Moscow
RU,Saint Petersburg
RU,Novosibirsk
RU,Yekaterinburg
RU,Kazan
RU,Nizhny Novgorod
RU,Chelyabinsk
RU,Samara
RU,Rostov-on-Don
RU,Ufa
RU,Krasnoyarsk
RU,Perm
RU,Volgograd
RU,Vladivostok
RU,Khabarovsk
RU,Irkutsk
RU,Omsk
RU,Tomsk
RU,Yaroslavl
=================
RW,Kigali
RW,Huye
RW,Musanze
RW,Rubavu
RW,Rusizi
RW,Nyanza
=================
SA,Riyadh
SA,Jeddah
SA,Mecca
SA,Medina
SA,Dammam
SA,Khobar
SA,Dhahran
SA,Taif
SA,Abha
SA,Tabuk
SA,Buraidah
SA,Hail
SA,Jazan
SA,Najran
SA,Sakaka
=================
SB,Honiara
SB,Gizo
SB,Auki
SB,Buala
SB,Tulagi
=================
SC,Victoria
SC,Anse Royale
SC,Beau Vallon
SC,Takamaka
=================
SD,Khartoum
SD,Omdurman
SD,Bahri
SD,Port Sudan
SD,Kassala
SD,El Obeid
SD,Nyala
SD,Al-Fashir
SD,Wad Madani
SD,Atbara
=================
SE,Stockholm
SE,Gothenburg
SE,Malmö
SE,Uppsala
SE,Västerås
SE,Örebro
SE,Linköping
SE,Norrköping
SE,Helsingborg
SE,Jönköping
SE,Umeå
SE,Lund
SE,Karlstad
=================
SG,Singapore
=================
SH,Jamestown
=================
SI,Ljubljana
SI,Maribor
SI,Celje
SI,Kranj
SI,Koper
SI,Novo Mesto
SI,Ptuj
=================
SJ,Longyearbyen
=================
SK,Bratislava
SK,Košice
SK,Prešov
SK,Nitra
SK,Žilina
SK,Banská Bystrica
SK,Trnava
SK,Trenčín
=================
SL,Freetown
SL,Bo
SL,Kenema
SL,Makeni
SL,Koidu
=================
SM,San Marino
SM,Borgo Maggiore
SM,Serravalle
SM,Domagnano
=================
SN,Dakar
SN,Thiès
SN,Saint-Louis
SN,Kaolack
SN,Ziguinchor
SN,Touba
SN,Diourbel
SN,Louga
=================
SO,Mogadishu
SO,Hargeisa
SO,Bosaso
SO,Kismayo
SO,Baidoa
SO,Beledweyne
SO,Galkayo
=================
SR,Paramaribo
SR,Nieuw Nickerie
SR,Moengo
SR,Albina
=================
SS,Juba
SS,Wau
SS,Malakal
SS,Bor
SS,Yambio
SS,Aweil
=================
ST,São Tomé
ST,Trindade
ST,Neves
=================
SV,San Salvador
SV,Santa Ana
SV,San Miguel
SV,Soyapango
SV,Mejicanos
SV,Santa Tecla
SV,Usulután
=================
SX,Philipsburg
SX,Cole Bay
SX,Simpson Bay
=================
SY,Damascus
SY,Aleppo
SY,Homs
SY,Hama
SY,Latakia
SY,Tartus
SY,Daraa
SY,Deir ez-Zor
SY,Raqqa
=================
SZ,Mbabane
SZ,Manzini
SZ,Nhlangano
SZ,Siteki
=================
TC,Cockburn Town
TC,Providenciales
TC,Grand Turk
=================
TD,N'Djamena
TD,Moundou
TD,Sarh
TD,Abéché
TD,Kélo
TD,Doba
=================
TF,Port-aux-Français
=================
TG,Lomé
TG,Sokodé
TG,Kara
TG,Atakpamé
TG,Dapaong
=================
TH,Bangkok
TH,Chiang Mai
TH,Phuket
TH,Pattaya
TH,Chonburi
TH,Hat Yai
TH,Khon Kaen
TH,Udon Thani
TH,Nakhon Ratchasima
TH,Surat Thani
TH,Krabi
TH,Ayutthaya
=================
TJ,Dushanbe
TJ,Khujand
TJ,Kulob
TJ,Bokhtar
TJ,Istaravshan
=================
TK,Fakaofo
TK,Nukunonu
TK,Atafu
=================
TL,Dili
TL,Baucau
TL,Maliana
TL,Suai
TL,Lospalos
=================
TM,Ashgabat
TM,Turkmenabat
TM,Dashoguz
TM,Mary
TM,Balkanabat
=================
TN,Tunis
TN,Sfax
TN,Sousse
TN,Gabès
TN,Bizerte
TN,Kairouan
TN,Monastir
TN,Nabeul
TN,Gafsa
TN,Djerba
=================
TO,Nukuʻalofa
TO,Neiafu
TO,Pangai
=================
TR,Istanbul
TR,Ankara
TR,Izmir
TR,Bursa
TR,Antalya
TR,Adana
TR,Gaziantep
TR,Konya
TR,Mersin
TR,Diyarbakır
TR,Kayseri
TR,Samsun
TR,Trabzon
TR,Eskişehir
TR,Denizli
TR,Şanlıurfa
=================
TT,Port of Spain
TT,San Fernando
TT,Chaguanas
TT,Arima
TT,Point Fortin
TT,Couva
=================
TV,Funafuti
=================
TW,Taipei
TW,New Taipei
TW,Taichung
TW,Kaohsiung
TW,Tainan
TW,Hsinchu
TW,Taoyuan
TW,Keelung
=================
TZ,Dodoma
TZ,Dar es Salaam
TZ,Arusha
TZ,Mwanza
TZ,Zanzibar City
TZ,Mbeya
TZ,Morogoro
TZ,Tanga
TZ,Iringa
TZ,Moshi
=================
UA,Kyiv
UA,Kharkiv
UA,Odesa
UA,Dnipro
UA,Lviv
UA,Zaporizhzhia
UA,Donetsk
UA,Mariupol
UA,Mykolaiv
UA,Kherson
UA,Poltava
UA,Chernihiv
UA,Cherkasy
=================
UG,Kampala
UG,Gulu
UG,Mbarara
UG,Jinja
UG,Entebbe
UG,Arua
UG,Mbale
UG,Fort Portal
=================
UM-DQ,Jarvis Island
UM-FQ,Midway Atoll
UM-HQ,Howland Island
UM-JQ,Johnston Atoll
UM-MQ,Kingman Reef
UM-WQ,Wake Island
=================
US,New York City
US,Buffalo
US,Albany
US,Los Angeles
US,San Diego
US,San Francisco
US,San Jose
US,Sacramento
US,Chicago
US,Springfield
US,Houston
US,Dallas
US,Austin
US,San Antonio
US,Miami
US,Orlando
US,Tampa
US,Tallahassee
US,Atlanta
US,Savannah
US,Boston
US,Worcester
US,Seattle
US,Spokane
US,Denver
US,Colorado Springs
US,Phoenix
US,Tucson
US,Las Vegas
US,Reno
US,Detroit
US,Grand Rapids
US,Minneapolis
US,St. Paul
US,Philadelphia
US,Pittsburgh
US,Washington, D.C.
US,Baltimore
US,Nashville
US,Memphis
US,New Orleans
US,Baton Rouge
US,Portland
US,Salem
US,Kansas City
US,St. Louis
US,Cleveland
US,Columbus
US,Cincinnati
US,Charlotte
US,Raleigh
US,Indianapolis
US,Milwaukee
US,Madison
US,Salt Lake City
US,Provo
US,Honolulu
US,Hilo
US,Anchorage
US,Fairbanks
US,San Bernardino
US,Riverside
US,Fresno
US,Oakland
US,San Mateo
US,Santa Monica
US,Long Beach
US,Pasadena
US,San Mateo
US,San Rafael
US,San Luis Obispo
US,San Mateo
US,San Antonio
US,El Paso
US,Lubbock
US,Amarillo
US,Oklahoma City
US,Tulsa
US,Wichita
US,Topeka
US,Omaha
US,Lincoln
US,Des Moines
US,Cedar Rapids
US,Sioux Falls
US,Bismarck
US,Fargo
US,Boise
US,Missoula
US,Helena
US,Cheyenne
US,Jackson
US,Billings
US,Albuquerque
US,Santa Fe
US,Las Cruces
US,Little Rock
US,Fayetteville
US,Birmingham
US,Montgomery
US,Mobile
US,Jacksonville
US,Fort Lauderdale
US,West Palm Beach
US,Key West
US,Charleston
US,Columbia
US,Greenville
US,Knoxville
US,Chattanooga
US,Louisville
US,Lexington
US,Frankfort
US,Richmond
US,Norfolk
US,Arlington
US,Newark
US,Trenton
US,Atlantic City
US,Providence
US,Hartford
US,New Haven
US,Manchester
US,Concord
US,Burlington
US,Montpelier
US,Portsmouth
US,New Haven
US,Bridgeport
US,Newport
US,San Juan
US,Juneau
US,Sitka
US,Flagstaff
US,Scottsdale
US,Tempe
US,Plano
US,Irving
US,Frisco
US,Aurora
US,Boulder
US,Fort Collins
US,Tacoma
US,Bellevue
US,Everett
US,Redmond
=================
UY,Montevideo
UY,Punta del Este
UY,Salto
UY,Paysandú
UY,Las Piedras
UY,Maldonado
UY,Colonia del Sacramento
=================
UZ,Tashkent
UZ,Samarkand
UZ,Bukhara
UZ,Khiva
UZ,Namangan
UZ,Andijan
UZ,Fergana
UZ,Nukus
=================
VA,Vatican City
=================
VC,Kingstown
VC,Georgetown
VC,Barrouallie
VC,Port Elizabeth
=================
VE,Caracas
VE,Maracaibo
VE,Valencia
VE,Barquisimeto
VE,Maracay
VE,Puerto La Cruz
VE,Barcelona
VE,Ciudad Guayana
VE,San Cristóbal
VE,Mérida
=================
VG,Road Town
VG,Spanish Town
VG,Virgin Gorda
=================
VI,Charlotte Amalie
VI,Christiansted
VI,Fredensborg
=================
VN,Hanoi
VN,Ho Chi Minh City
VN,Da Nang
VN,Hai Phong
VN,Can Tho
VN,Hue
VN,Nha Trang
VN,Dalat
VN,Vung Tau
VN,Ha Long
=================
VU,Port Vila
VU,Luganville
=================
WF,Mata-Utu
WF,Leava
=================
WS,Apia
WS,Vaitele
WS,Faleula
WS,Safotu
=================
XK,Pristina
XK,Prizren
XK,Peja
XK,Gjakova
XK,Mitrovica
XK,Ferizaj
XK,Gjilan
=================
YE,Sana'a
YE,Aden
YE,Taiz
YE,Hodeidah
YE,Mukalla
YE,Ibb
YE,Marib
YE,Sa'dah
=================
YT,Mamoudzou
YT,Dzaoudzi
YT,Koungou
=================
ZA,Johannesburg
ZA,Cape Town
ZA,Pretoria
ZA,Durban
ZA,Bloemfontein
ZA,Port Elizabeth
ZA,Gqeberha
ZA,East London
ZA,Polokwane
ZA,Nelspruit
ZA,Rustenburg
ZA,Kimberley
=================
ZM,Lusaka
ZM,Ndola
ZM,Kitwe
ZM,Livingstone
ZM,Chingola
ZM,Mufulira
ZM,Solwezi
=================
ZW,Harare
ZW,Bulawayo
ZW,Mutare
ZW,Gweru
ZW,Masvingo
ZW,Kwekwe
=================
